sponsor_group,trial_count,population,trials_per_100k
INDUSTRY,17831,330519664,5.394837869616133
NON_INDUSTRY,2576,331097593,0.7780183409548375
